sample_id,T_C,t_h,pH,E_V,m_cat,x_M1,x_M2,eta_10mA,tafel,mass_activity,FE,ECSA,stability_100h_loss,cost,block
S01,600,2,1.0,1.55,0.20,0.50,0.50,320,48,120,0.92,12.0,0.08,5.2,1
S02,650,2,1.0,1.55,0.20,0.50,0.50,290,42,160,0.94,14.5,0.06,5.4,1
S03,700,2,1.0,1.55,0.20,0.50,0.50,260,38,210,0.95,16.0,0.05,5.6,1
S04,700,4,1.0,1.55,0.20,0.50,0.50,255,37,225,0.95,16.5,0.05,5.8,1
S05,700,2,1.0,1.55,0.20,0.60,0.40,250,35,240,0.96,17.0,0.04,6.0,2
S06,700,2,1.0,1.55,0.20,0.40,0.60,268,40,195,0.94,15.0,0.07,5.9,2
S07,700,2,0.5,1.55,0.20,0.50,0.50,245,36,250,0.95,17.5,0.05,5.7,2
S08,700,2,1.0,1.50,0.20,0.50,0.50,258,38,220,0.95,16.0,0.05,5.6,2
S09,750,2,1.0,1.55,0.20,0.50,0.50,270,41,180,0.93,14.0,0.08,6.1,2
